{
  "0": 0.2133499688084841,
  "1": 1.2857142857142858,
  "2": 1.2954545454545454,
  "3": 2.795640326975477,
  "4": 4.539823008849558,
  "5": 10.46938775510204,
  "6": 11.152173913043478
}